MDVP:Fo(Hz),MDVP:Fhi(Hz),MDVP:Flo(Hz),MDVP:Jitter(%),MDVP:Jitter(Abs),MDVP:RAP,MDVP:PPQ,Jitter:DDP,MDVP:Shimmer,MDVP:Shimmer(dB),Shimmer:APQ3,Shimmer:APQ5,MDVP:APQ,Shimmer:DDA,NHR,HNR,RPDE,DFA,spread1,spread2,D2,PPE
120.552,131.162,113.787,0.00968,8e-05,0.00463,0.0075,0.01388,0.04701,0.456,0.02328,0.03526,0.03243,0.06985,0.01222,21.378,0.415564,0.825069,-4.242867,0.299111,2.18756,0.357775
110.453,127.611,105.554,0.00494,4e-05,0.00244,0.00315,0.00731,0.04128,0.379,0.02229,0.02592,0.03316,0.06688,0.02529,17.707,0.653427,0.706687,-5.333619,0.322044,2.631793,0.228319
138.19,203.522,83.34,0.00704,5e-05,0.00406,0.00398,0.01218,0.04479,0.441,0.02587,0.02567,0.0322,0.07761,0.01968,18.305,0.538016,0.74148,-5.418787,0.160267,2.090438,0.229892
260.105,264.919,237.303,0.00339,1e-05,0.00205,0.00186,0.00616,0.0203,0.197,0.01186,0.0123,0.01367,0.03557,0.0091,21.083,0.440988,0.628058,-7.517934,0.160414,1.881767,0.075587
180.978,200.125,155.495,0.00406,2e-05,0.0022,0.00244,0.00659,0.03852,0.331,0.02107,0.02493,0.02877,0.06321,0.02782,16.176,0.583574,0.727747,-5.657899,0.315903,3.098256,0.200423
110.417,131.067,103.37,0.00784,7e-05,0.00352,0.00514,0.01056,0.03715,0.334,0.02032,0.02302,0.02802,0.06097,0.00969,21.422,0.541781,0.821364,-4.438453,0.238298,1.92294,0.335041
157.447,163.267,149.605,0.00369,2e-05,0.00201,0.00197,0.00602,0.03272,0.283,0.01813,0.01909,0.02571,0.05439,0.01018,21.693,0.447285,0.705658,-6.247076,0.180528,2.344348,0.164916
201.464,210.565,195.708,0.00198,1e-05,0.00105,0.00115,0.00314,0.01194,0.107,0.00586,0.0076,0.00957,0.01758,0.00135,31.732,0.344252,0.742737,-7.777685,0.170183,2.447064,0.05761
174.188,230.978,94.261,0.00459,3e-05,0.00263,0.00259,0.0079,0.04087,0.405,0.02336,0.02498,0.02745,0.07008,0.02764,19.517,0.448439,0.657899,-6.538586,0.121952,2.657476,0.13305
237.226,247.326,225.227,0.00298,1e-05,0.00169,0.00182,0.00507,0.01752,0.164,0.01035,0.01024,0.01133,0.03104,0.0074,22.736,0.305062,0.654172,-7.31055,0.098648,2.416838,0.095032
228.969,239.541,113.201,0.00238,1e-05,0.00136,0.0014,0.00408,0.01745,0.154,0.00942,0.0116,0.01234,0.02827,0.0042,24.547,0.305429,0.681811,-7.314237,0.006274,2.118596,0.091546
154.003,160.267,128.621,0.00183,1e-05,0.00076,0.001,0.00229,0.0103,0.094,0.00469,0.00582,0.00871,0.01406,0.00243,28.409,0.263654,0.691483,-7.111576,0.14478,2.065477,0.093193
127.93,138.752,112.173,0.00605,5e-05,0.00321,0.00318,0.00962,0.03235,0.339,0.0136,0.0165,0.03105,0.04079,0.02663,19.651,0.654945,0.675865,-5.498456,0.234196,2.103014,0.216638
95.385,102.145,90.264,0.00608,6e-05,0.00331,0.00332,0.00994,0.03202,0.263,0.01803,0.01886,0.02455,0.05408,0.01062,21.875,0.644954,0.779612,-5.115212,0.249494,2.017753,0.260015
112.876,148.826,106.981,0.005,4e-05,0.0027,0.00289,0.0081,0.03999,0.35,0.02413,0.02231,0.02704,0.07238,0.00905,23.37,0.489538,0.789977,-5.775966,0.341169,2.007923,0.193918
162.568,198.346,77.63,0.00502,3e-05,0.0028,0.00253,0.00841,0.01791,0.168,0.00793,0.01057,0.01799,0.0238,0.0117,25.678,0.427785,0.723797,-6.635729,0.209866,1.957961,0.135242
113.4,133.344,107.816,0.00451,4e-05,0.00219,0.00283,0.00658,0.04879,0.431,0.02385,0.02973,0.0437,0.07154,0.02278,19.013,0.6479,0.708144,-4.378916,0.300067,2.445502,0.259451
209.144,237.494,109.379,0.00282,1e-05,0.00147,0.00152,0.00442,0.01861,0.17,0.00975,0.01258,0.01382,0.02925,0.00871,25.554,0.341788,0.678874,-7.040508,0.066994,2.460791,0.101516
126.344,134.231,112.773,0.00448,4e-05,0.00131,0.00169,0.00393,0.02033,0.185,0.01143,0.00959,0.01614,0.03429,0.00474,25.03,0.507504,0.760361,-6.689151,0.291954,2.431854,0.105993
236.2,244.663,102.137,0.00277,1e-05,0.00154,0.00153,0.00462,0.02448,0.217,0.0141,0.01426,0.01621,0.04231,0.0062,24.078,0.469928,0.628232,-6.816086,0.17227,2.235197,0.119652
180.198,201.249,175.456,0.00284,2e-05,0.00153,0.00166,0.00459,0.01444,0.131,0.00726,0.00885,0.0119,0.02177,0.00231,26.738,0.403884,0.766209,-6.452058,0.212294,2.269398,0.141929
199.228,209.512,192.091,0.00241,1e-05,0.00134,0.00138,0.00402,0.01015,0.089,0.00504,0.00641,0.00762,0.01513,0.00167,30.94,0.432439,0.742055,-7.682587,0.173319,2.103106,0.068501
113.715,116.443,96.913,0.00349,3e-05,0.00171,0.00203,0.00514,0.01472,0.133,0.00748,0.00905,0.01148,0.02245,0.00478,26.547,0.380253,0.7667,-5.943501,0.19215,1.852542,0.179677
136.926,159.866,131.276,0.00293,2e-05,0.00118,0.00153,0.00355,0.01259,0.112,0.00656,0.00717,0.0114,0.01968,0.00581,25.703,0.4606,0.646846,-6.547148,0.152813,2.041277,0.138512
193.03,208.9,80.297,0.00766,4e-05,0.0045,0.00389,0.01351,0.03044,0.275,0.01771,0.01815,0.02084,0.05312,0.00947,21.934,0.497554,0.740539,-5.845099,0.278679,2.608749,0.185668
184.055,196.537,166.977,0.00258,1e-05,0.00134,0.00147,0.00403,0.01463,0.132,0.00742,0.00901,0.01234,0.02226,0.00257,26.453,0.306443,0.759203,-7.044105,0.063412,2.361532,0.11573
119.056,125.213,86.795,0.00346,3e-05,0.00169,0.0017,0.00508,0.01201,0.106,0.00633,0.00701,0.00915,0.01898,0.00903,23.389,0.470972,0.721308,-5.436135,0.254909,2.51632,0.232209
125.641,141.068,116.346,0.03316,0.00026,0.02144,0.01522,0.06433,0.09178,0.891,0.05358,0.04791,0.06196,0.16074,0.31482,8.867,0.671299,0.656846,-3.700544,0.260481,2.991063,0.370961
171.041,208.313,75.501,0.00455,3e-05,0.0025,0.00234,0.0075,0.01966,0.186,0.00889,0.01169,0.01872,0.02666,0.01095,25.908,0.418622,0.720916,-6.18359,0.226278,2.589702,0.147403
119.031,127.533,109.216,0.0044,4e-05,0.00214,0.00192,0.00641,0.01033,0.098,0.00538,0.0057,0.00811,0.01614,0.01724,26.842,0.457541,0.699787,-6.890021,0.152941,2.328513,0.112856
116.556,592.03,86.228,0.00496,4e-05,0.00254,0.00263,0.00762,0.0166,0.154,0.0082,0.00972,0.01491,0.0246,0.01397,23.958,0.566424,0.667654,-6.431119,0.15331,2.161936,0.120605
125.791,140.557,96.206,0.01378,0.00011,0.00826,0.00655,0.02478,0.04689,0.422,0.02542,0.0263,0.03908,0.07625,0.10323,15.433,0.57101,0.690892,-5.159169,0.202146,2.441612,0.260375
116.682,131.111,111.555,0.0105,9e-05,0.00544,0.00781,0.01633,0.05233,0.482,0.02757,0.03858,0.0359,0.0827,0.01309,20.651,0.429895,0.825288,-4.443179,0.311173,2.342259,0.332634
245.51,262.09,231.848,0.00235,1e-05,0.00127,0.00148,0.0038,0.01608,0.141,0.00906,0.00977,0.01149,0.02719,0.00476,24.602,0.467489,0.631653,-7.156076,0.127642,2.392122,0.097336
113.166,130.27,100.673,0.00502,4e-05,0.00257,0.00312,0.00772,0.05279,0.476,0.02896,0.03347,0.04134,0.08689,0.0369,16.747,0.625362,0.708617,-4.654894,0.304107,2.672362,0.274387
166.605,206.008,78.032,0.00742,4e-05,0.00387,0.00453,0.01161,0.0664,0.634,0.0365,0.04282,0.05114,0.10949,0.08725,11.744,0.65341,0.733165,-4.508984,0.389232,3.317586,0.301952
223.361,263.872,87.638,0.00352,2e-05,0.00169,0.00188,0.00506,0.02536,0.225,0.01379,0.01478,0.01909,0.04137,0.01493,20.366,0.566849,0.574282,-5.456811,0.345238,2.840556,0.232861
177.876,192.921,168.013,0.00411,2e-05,0.00233,0.00241,0.007,0.02126,0.189,0.01154,0.01347,0.01612,0.03463,0.00586,23.216,0.360148,0.778834,-6.149653,0.218037,2.477082,0.165827
116.286,177.291,96.983,0.00314,3e-05,0.00134,0.00192,0.00403,0.01564,0.136,0.00667,0.0099,0.01691,0.02001,0.00737,24.199,0.598515,0.654331,-5.592584,0.133917,2.058658,0.214346
167.93,193.221,79.068,0.00442,3e-05,0.0022,0.00247,0.00661,0.04351,0.377,0.02228,0.0254,0.04246,0.06685,0.0128,22.468,0.61906,0.679834,-4.330956,0.262384,2.916777,0.285695
138.145,197.238,81.114,0.00544,4e-05,0.00294,0.00327,0.00883,0.02791,0.246,0.01484,0.01805,0.02259,0.04451,0.01794,18.178,0.623209,0.738245,-5.540351,0.087165,1.821297,0.214075
183.52,216.814,161.34,0.01466,8e-05,0.00849,0.00819,0.02546,0.0605,0.618,0.02865,0.04101,0.06359,0.08595,0.06057,14.367,0.478024,0.768974,-4.276605,0.355736,3.142364,0.336085
202.266,211.604,197.079,0.0018,9e-06,0.00093,0.00107,0.00278,0.00954,0.085,0.00469,0.00606,0.00719,0.01407,0.00072,32.684,0.368535,0.742133,-7.695734,0.17854,1.544609,0.056141
91.904,115.871,86.292,0.0054,6e-05,0.00281,0.00336,0.00844,0.02752,0.249,0.01424,0.01641,0.02214,0.04272,0.01141,21.414,0.58339,0.79252,-4.960234,0.363566,2.642476,0.275931
156.239,195.107,79.82,0.00694,4e-05,0.00403,0.00395,0.01209,0.02343,0.224,0.01289,0.0142,0.0172,0.03867,0.0202,19.196,0.618663,0.728421,-5.944191,0.143359,1.929715,0.181988
119.1,128.442,88.833,0.00692,6e-05,0.00393,0.003,0.01179,0.02682,0.236,0.01484,0.01405,0.02018,0.04451,0.04611,21.824,0.65168,0.659333,-4.239028,0.175691,2.45113,0.247455
120.267,137.244,114.82,0.00333,3e-05,0.00155,0.00202,0.00466,0.01608,0.14,0.00779,0.00937,0.01351,0.02337,0.00607,24.886,0.59604,0.764112,-5.634322,0.257682,1.854785,0.211756
146.845,208.701,81.737,0.00496,3e-05,0.0025,0.00275,0.00749,0.01919,0.198,0.00883,0.01144,0.01826,0.0265,0.01328,25.119,0.358773,0.726652,-6.27169,0.196102,2.314209,0.162999
115.322,135.738,107.802,0.00619,5e-05,0.00352,0.00329,0.01057,0.03273,0.325,0.01644,0.01722,0.02931,0.04933,0.0281,19.388,0.577802,0.684373,-5.283009,0.226528,2.442906,0.238281
116.014,141.781,110.655,0.01284,0.00011,0.00655,0.00908,0.01966,0.06425,0.584,0.0349,0.04825,0.04465,0.1047,0.01767,19.649,0.417356,0.823484,-3.747787,0.234513,2.33218,0.410335
198.383,215.203,193.104,0.00212,1e-05,0.00113,0.00135,0.00339,0.01263,0.111,0.0064,0.00825,0.00951,0.01919,0.00119,30.775,0.465946,0.738703,-7.067931,0.175181,1.512275,0.09632
202.805,231.508,86.232,0.0037,2e-05,0.00189,0.00211,0.00568,0.01997,0.18,0.01117,0.01177,0.01506,0.0335,0.0201,18.687,0.536102,0.632631,-5.898673,0.213353,2.470746,0.189032
170.368,268.796,79.543,0.00571,3e-05,0.00232,0.00269,0.00696,0.03273,0.281,0.01713,0.01964,0.02824,0.05139,0.02485,18.54,0.677131,0.685057,-4.796845,0.397749,2.963799,0.277227
125.036,143.946,116.187,0.0128,0.0001,0.00743,0.00623,0.02228,0.03886,0.342,0.02135,0.02174,0.03088,0.06406,0.08151,15.338,0.629574,0.714485,-4.020042,0.265315,2.671825,0.340623
116.15,131.731,109.815,0.00381,3e-05,0.00181,0.00232,0.00542,0.03026,0.267,0.01514,0.01812,0.0277,0.04543,0.01827,18.801,0.624811,0.696049,-5.866357,0.23307,2.445646,0.184985
88.333,112.24,84.072,0.00505,6e-05,0.00254,0.0033,0.00763,0.02143,0.197,0.01079,0.01342,0.01892,0.03237,0.01166,21.118,0.611137,0.776156,-5.24977,0.391002,2.407313,0.24974
222.236,231.345,205.495,0.00266,1e-05,0.00152,0.00144,0.00457,0.01643,0.145,0.00867,0.01108,0.012,0.02602,0.0034,25.856,0.364867,0.694399,-6.966321,0.095882,2.278687,0.103224
148.462,161.078,141.998,0.00397,3e-05,0.00202,0.00235,0.00605,0.01831,0.163,0.0095,0.01103,0.01559,0.02849,0.00639,22.866,0.408598,0.768845,-5.704053,0.216204,2.679185,0.19771
208.083,253.792,91.802,0.00757,4e-05,0.00428,0.00428,0.01285,0.06725,0.571,0.04016,0.04003,0.04464,0.12047,0.04238,15.648,0.606344,0.665945,-5.410336,0.288917,2.665133,0.231723
119.992,157.302,74.997,0.00784,7e-05,0.0037,0.00554,0.01109,0.04374,0.426,0.02182,0.0313,0.02971,0.06545,0.02211,21.033,0.414783,0.815285,-4.813031,0.266482,2.301442,0.284654
117.004,144.466,99.923,0.00353,3e-05,0.00176,0.00218,0.00528,0.01657,0.145,0.00881,0.01062,0.01318,0.02643,0.0059,25.445,0.387482,0.756482,-6.012559,0.229298,1.872946,0.163118
188.62,216.302,165.982,0.01719,9e-05,0.00996,0.01027,0.02987,0.07118,0.722,0.03474,0.0458,0.06824,0.10422,0.08069,12.298,0.55287,0.764036,-3.377325,0.335357,3.274865,0.418646
142.729,162.408,65.476,0.00831,6e-05,0.00469,0.00419,0.01407,0.03485,0.365,0.01868,0.01906,0.02949,0.05605,0.02599,20.264,0.489345,0.730387,-5.720868,0.15883,2.277927,0.180828
206.327,226.355,92.02,0.00495,2e-05,0.00302,0.00246,0.00905,0.02105,0.209,0.01107,0.01284,0.01604,0.0332,0.01048,21.864,0.331508,0.715121,-6.729713,0.181701,2.938114,0.115515
229.401,252.221,221.156,0.00205,9e-06,0.00114,0.00113,0.00342,0.01457,0.129,0.00769,0.00957,0.01016,0.02308,0.003,26.415,0.27685,0.673636,-7.496264,0.056844,2.003032,0.073581
243.439,250.912,232.435,0.0021,9e-06,0.00109,0.00137,0.00327,0.01419,0.126,0.00777,0.00898,0.01033,0.0233,0.00454,25.368,0.438296,0.635285,-7.057869,0.091608,2.330716,0.09147
145.174,198.109,80.637,0.00733,5e-05,0.00414,0.00422,0.01242,0.02362,0.233,0.01235,0.01495,0.01944,0.03706,0.01874,18.857,0.637518,0.735546,-5.594275,0.12795,1.765957,0.222716
155.358,227.383,80.055,0.0031,2e-05,0.00159,0.00176,0.00476,0.01718,0.161,0.00769,0.01012,0.01661,0.02307,0.00677,25.97,0.470478,0.676258,-7.120925,0.279789,2.241742,0.108514
186.163,197.724,177.584,0.00298,2e-05,0.00165,0.00175,0.00496,0.01495,0.135,0.00774,0.00941,0.01233,0.02321,0.00231,26.822,0.32648,0.765623,-6.647379,0.201095,2.374073,0.130554
149.818,163.417,144.786,0.00336,2e-05,0.00174,0.00198,0.00521,0.02145,0.198,0.01155,0.01341,0.01666,0.03464,0.00595,23.008,0.329577,0.75718,-6.27717,0.109397,2.209021,0.156368
186.695,211.961,149.442,0.01872,0.0001,0.01075,0.01154,0.03225,0.0583,0.784,0.02699,0.03714,0.06259,0.08096,0.10952,12.529,0.507826,0.762726,-4.484303,0.340256,2.958815,0.301487
198.764,396.961,74.904,0.0074,4e-05,0.0037,0.0039,0.01109,0.02296,0.241,0.01265,0.01321,0.01588,0.03794,0.07223,19.02,0.451221,0.643956,-6.744577,0.207454,2.138608,0.123306
104.4,206.002,77.968,0.00633,6e-05,0.00316,0.00375,0.00948,0.03767,0.381,0.01732,0.02245,0.0378,0.05197,0.02887,22.066,0.522746,0.737948,-5.571843,0.236853,2.846369,0.219514
173.917,192.735,86.18,0.00476,3e-05,0.00221,0.00258,0.00663,0.04192,0.364,0.02187,0.0247,0.03772,0.06562,0.0184,20.422,0.537264,0.686894,-5.248776,0.210279,2.547508,0.253556
169.774,191.759,151.451,0.01568,9e-05,0.00863,0.00946,0.02589,0.08143,0.821,0.03804,0.05426,0.08808,0.11411,0.0753,12.359,0.56161,0.793509,-3.297668,0.414758,3.413649,0.457533
198.458,219.29,148.691,0.00376,2e-05,0.00182,0.00215,0.00546,0.03527,0.297,0.02055,0.02076,0.0253,0.06165,0.01728,18.702,0.606273,0.661735,-5.585259,0.310746,2.465528,0.209863
95.605,107.715,87.549,0.00702,7e-05,0.00428,0.00371,0.01283,0.03156,0.296,0.01792,0.01841,0.0219,0.05377,0.01825,19.659,0.576084,0.778747,-5.132032,0.210458,2.232576,0.260633
151.989,157.339,132.857,0.00174,1e-05,0.00075,0.00096,0.00225,0.01024,0.093,0.00455,0.00576,0.00993,0.01364,0.00238,29.928,0.311369,0.676066,-6.739151,0.160686,2.296873,0.11513
100.77,115.697,85.545,0.01038,0.0001,0.00622,0.00576,0.01865,0.03121,0.361,0.01773,0.01783,0.02139,0.0532,0.0222,19.2,0.594387,0.790117,-4.913885,0.265699,2.398422,0.277948
176.858,205.56,75.344,0.00747,4e-05,0.00418,0.0042,0.01254,0.04795,0.435,0.02679,0.03022,0.0351,0.08037,0.0547,13.893,0.556494,0.729586,-5.288912,0.343073,3.099301,0.242119
187.733,202.324,173.015,0.00316,2e-05,0.00168,0.00182,0.00504,0.01663,0.151,0.00829,0.01003,0.01366,0.02488,0.00265,26.31,0.396793,0.758324,-6.006647,0.266892,2.382544,0.160691
223.365,238.987,98.664,0.00264,1e-05,0.00154,0.00151,0.00461,0.01906,0.165,0.01013,0.01296,0.0134,0.03039,0.00301,26.138,0.447979,0.686264,-7.293801,0.086372,2.32156,0.098555
128.94,479.697,88.251,0.00581,5e-05,0.00241,0.00314,0.00723,0.02008,0.221,0.00849,0.01117,0.01734,0.02548,0.0235,24.743,0.487756,0.68413,-6.186128,0.279933,2.68624,0.152428
178.222,202.45,141.047,0.00321,2e-05,0.00163,0.00194,0.00488,0.03759,0.327,0.02073,0.02415,0.02784,0.06219,0.03151,15.924,0.598714,0.712199,-6.366916,0.335753,2.654271,0.144614
110.568,125.394,106.821,0.00462,4e-05,0.00226,0.0028,0.00677,0.02199,0.197,0.01284,0.01199,0.01636,0.03852,0.0042,25.82,0.429484,0.81634,-5.391029,0.250572,1.777901,0.232744
201.774,262.707,78.228,0.00694,3e-05,0.00412,0.00396,0.01235,0.02574,0.255,0.01454,0.01582,0.01758,0.04363,0.04441,19.368,0.508479,0.683761,-6.934474,0.15989,2.316346,0.112838
112.15,131.669,97.527,0.00519,5e-05,0.00291,0.00284,0.00873,0.01756,0.155,0.00967,0.01033,0.01363,0.02902,0.01435,21.219,0.557045,0.673086,-5.617124,0.184896,1.871871,0.212386
252.455,261.487,182.786,0.00185,7e-06,0.00092,0.00113,0.00276,0.01152,0.103,0.00614,0.0073,0.0086,0.01841,0.00432,26.805,0.610367,0.635204,-7.31951,0.200873,2.028612,0.086398
157.821,172.975,68.401,0.00358,2e-05,0.00196,0.00196,0.00587,0.03716,0.307,0.02062,0.02321,0.02764,0.06185,0.0085,22.219,0.50238,0.71217,-6.251425,0.188056,2.143851,0.160812
151.737,190.204,129.859,0.00314,2e-05,0.00135,0.00162,0.00406,0.01469,0.132,0.00728,0.00886,0.0123,0.02184,0.0057,24.151,0.39661,0.745957,-6.486822,0.197919,2.449763,0.132703
241.404,248.834,232.483,0.00281,1e-05,0.00157,0.00173,0.0047,0.0176,0.154,0.01006,0.01038,0.01251,0.03017,0.00675,23.145,0.457702,0.634267,-6.793547,0.158266,2.256699,0.117399
122.336,142.369,94.794,0.00727,6e-05,0.00415,0.00339,0.01246,0.02293,0.223,0.01205,0.01289,0.01771,0.03615,0.03191,22.953,0.611679,0.623731,-5.4351,0.230532,2.699645,0.220546
116.676,137.871,111.366,0.00997,9e-05,0.00502,0.00698,0.01505,0.05492,0.517,0.02924,0.04005,0.03772,0.08771,0.01353,20.644,0.434969,0.819235,-4.117501,0.334147,2.405554,0.368975
149.689,160.368,133.608,0.00257,2e-05,0.00116,0.00134,0.00349,0.01346,0.126,0.0066,0.00818,0.01059,0.01979,0.00578,27.421,0.365488,0.719974,-6.997403,0.210279,1.994387,0.112878
129.336,139.867,118.604,0.0049,4e-05,0.00165,0.00183,0.00495,0.02498,0.228,0.01396,0.01219,0.01947,0.04188,0.00484,25.429,0.420383,0.785714,-6.836811,0.269866,2.223719,0.147491
118.747,123.723,109.836,0.00331,3e-05,0.00168,0.00171,0.00504,0.01043,0.099,0.0049,0.00621,0.00903,0.01471,0.00504,25.619,0.482296,0.723096,-6.448134,0.178713,2.034827,0.141422
115.38,123.109,108.634,0.00332,3e-05,0.0016,0.00199,0.0048,0.01503,0.137,0.00812,0.00933,0.01133,0.02436,0.00401,26.005,0.405991,0.761255,-5.966779,0.197938,1.974857,0.184067
198.116,233.099,174.478,0.02714,0.00014,0.01568,0.01699,0.04705,0.08684,1.018,0.04284,0.05556,0.08318,0.12851,0.16265,9.449,0.584164,0.754449,-2.839756,0.356224,3.184027,0.454721
150.44,163.441,144.736,0.00396,3e-05,0.00206,0.00233,0.00619,0.02551,0.237,0.01321,0.01574,0.02148,0.03964,0.00611,23.133,0.352396,0.75932,-6.261446,0.183218,2.264226,0.144105
122.964,130.049,114.676,0.00428,3e-05,0.00124,0.00155,0.00373,0.01681,0.154,0.0093,0.00802,0.014,0.02789,0.00462,24.971,0.538688,0.754073,-6.482096,0.264967,2.054419,0.128872
96.106,108.664,84.51,0.00694,7e-05,0.00389,0.00415,0.01168,0.04024,0.364,0.02266,0.02451,0.02876,0.06799,0.01823,19.055,0.544805,0.770466,-4.441519,0.155097,2.645959,0.327978
203.184,211.526,196.16,0.00178,9e-06,0.00094,0.00106,0.00283,0.00958,0.085,0.00468,0.0061,0.00726,0.01403,0.00065,33.047,0.340068,0.741899,-7.964984,0.163519,1.423287,0.044539
107.332,113.84,104.315,0.0029,3e-05,0.00144,0.00182,0.00431,0.01567,0.134,0.00829,0.00946,0.01256,0.02487,0.00344,26.892,0.63742,0.763262,-6.167603,0.183721,2.064693,0.163755
200.714,223.982,89.686,0.00621,3e-05,0.00371,0.00337,0.01112,0.02286,0.207,0.01192,0.01439,0.01852,0.03576,0.00704,23.239,0.436084,0.727863,-5.25832,0.256454,2.550961,0.23252
151.955,163.335,147.226,0.00419,3e-05,0.00224,0.00227,0.00672,0.07959,0.772,0.04421,0.04962,0.0569,0.13262,0.01658,19.664,0.501037,0.71436,-6.411497,0.207156,2.344876,0.13412
98.804,102.305,87.804,0.00432,4e-05,0.00247,0.00258,0.00742,0.02223,0.202,0.01277,0.01343,0.01552,0.03831,0.00882,22.244,0.576644,0.772416,-6.025367,0.078202,2.053601,0.177275
112.547,133.374,105.715,0.00355,3e-05,0.00166,0.0019,0.00499,0.01358,0.129,0.00664,0.00786,0.0114,0.01992,0.00435,26.436,0.413295,0.7567,-6.323531,0.218885,2.193412,0.160376
116.388,129.038,108.97,0.00346,3e-05,0.00169,0.00213,0.00507,0.01725,0.155,0.00874,0.01021,0.01331,0.02623,0.00415,26.143,0.361232,0.763242,-6.016891,0.109256,2.004719,0.174429
179.711,225.93,144.878,0.00709,4e-05,0.00391,0.00419,0.01172,0.04313,0.442,0.02297,0.02768,0.03455,0.06892,0.07223,11.866,0.590951,0.745526,-4.379411,0.375531,3.671155,0.332086
95.73,132.068,91.754,0.00551,6e-05,0.00293,0.00332,0.0088,0.02093,0.191,0.01073,0.01277,0.01717,0.03218,0.0107,21.812,0.615551,0.773587,-5.498678,0.327769,2.322511,0.231571
139.173,179.139,76.556,0.0039,3e-05,0.00165,0.00208,0.00496,0.01642,0.154,0.00728,0.00932,0.01797,0.02184,0.01041,24.889,0.430166,0.665833,-5.660217,0.254989,2.519422,0.199889
114.847,271.314,104.68,0.00867,8e-05,0.00373,0.0052,0.0112,0.03225,0.35,0.01805,0.01974,0.02519,0.05414,0.01143,21.66,0.547975,0.817396,-4.609161,0.221711,1.831691,0.316395
237.323,243.709,229.256,0.00303,1e-05,0.00173,0.00159,0.00519,0.01242,0.116,0.00696,0.00747,0.00882,0.02089,0.00533,24.679,0.384868,0.62671,-7.018057,0.176316,1.852402,0.091604
120.256,125.306,104.773,0.00407,3e-05,0.00224,0.00205,0.00671,0.01516,0.138,0.00721,0.00815,0.0131,0.02164,0.01015,26.017,0.468621,0.735136,-6.112667,0.217013,2.527742,0.170633
168.778,232.181,75.603,0.00718,4e-05,0.00284,0.00387,0.00853,0.03327,0.348,0.01441,0.01893,0.0343,0.04322,0.02919,20.376,0.631099,0.605417,-2.93107,0.434326,3.007463,0.430788
120.08,139.71,111.208,0.00405,3e-05,0.0018,0.0022,0.0054,0.01706,0.152,0.00974,0.00925,0.01345,0.02921,0.00442,25.742,0.495954,0.762959,-5.79182,0.329066,2.205024,0.18818
244.99,272.21,239.17,0.00451,2e-05,0.00279,0.00237,0.00837,0.01897,0.181,0.01084,0.01121,0.01255,0.03253,0.01049,21.528,0.522812,0.646818,-7.3045,0.171088,2.095237,0.09622
106.516,112.777,93.105,0.00589,6e-05,0.00291,0.00319,0.00873,0.04932,0.441,0.02683,0.03112,0.03651,0.0805,0.03031,17.06,0.637814,0.744064,-5.301321,0.320385,2.375138,0.24308
114.554,126.778,91.121,0.00651,6e-05,0.00366,0.0034,0.01097,0.03658,0.369,0.01864,0.0194,0.03091,0.05592,0.02707,18.954,0.685151,0.719576,-5.529833,0.24275,2.408689,0.22052
148.79,158.359,138.99,0.00309,2e-05,0.00152,0.00186,0.00456,0.01574,0.142,0.00839,0.00956,0.01309,0.02518,0.00488,24.412,0.402591,0.762508,-6.311987,0.182459,2.251553,0.160306
228.832,234.619,223.634,0.00296,1e-05,0.00175,0.00155,0.00526,0.01644,0.145,0.00882,0.01075,0.01179,0.02647,0.00351,25.964,0.25657,0.683296,-7.24562,0.018689,2.498224,0.093534
108.807,134.656,102.874,0.00761,7e-05,0.00349,0.00486,0.01046,0.02719,0.255,0.01483,0.01609,0.02067,0.0445,0.01036,21.028,0.536009,0.819032,-4.649573,0.205558,1.986899,0.3167
151.884,157.765,133.751,0.00258,2e-05,0.00115,0.00122,0.00346,0.0145,0.137,0.00633,0.00788,0.01267,0.01898,0.00659,26.833,0.393563,0.700246,-6.600023,0.249172,2.499148,0.105306
124.445,135.069,117.495,0.00431,3e-05,0.00141,0.00167,0.00422,0.02184,0.197,0.01241,0.01024,0.01685,0.03724,0.00479,25.135,0.553134,0.775933,-6.650471,0.254498,1.840198,0.103561
209.516,253.017,89.488,0.00564,3e-05,0.00331,0.00292,0.00994,0.02751,0.263,0.01604,0.01657,0.01879,0.04812,0.0181,19.147,0.431674,0.683244,-6.195325,0.129303,2.784312,0.168895
116.879,131.897,108.153,0.00788,7e-05,0.00334,0.00493,0.01003,0.02645,0.265,0.01394,0.01625,0.02137,0.04183,0.00786,22.603,0.540049,0.813432,-4.476755,0.262633,1.827012,0.326197
122.188,128.611,115.765,0.00524,4e-05,0.00169,0.00203,0.00507,0.01613,0.143,0.00855,0.00776,0.01433,0.02566,0.00839,23.162,0.579597,0.733659,-6.439398,0.266392,2.079922,0.133867
173.898,211.35,74.677,0.00448,3e-05,0.00237,0.00254,0.0071,0.06727,0.65,0.03788,0.04254,0.04802,0.11363,0.04214,14.739,0.599371,0.743937,-5.783272,0.299793,3.007096,0.194052
153.88,172.86,78.128,0.0048,3e-05,0.00232,0.00267,0.00696,0.04137,0.37,0.02021,0.02591,0.04525,0.06062,0.01849,19.493,0.629017,0.698951,-5.18696,0.237622,2.557536,0.259765
117.274,129.916,110.402,0.00752,6e-05,0.00299,0.00469,0.00898,0.02293,0.221,0.01189,0.01459,0.01948,0.03568,0.00681,22.817,0.530529,0.817756,-4.60826,0.290024,2.021591,0.314464
114.238,124.393,77.022,0.00581,5e-05,0.00299,0.00316,0.00896,0.04009,0.406,0.01579,0.01994,0.04114,0.04736,0.02073,20.437,0.653139,0.694571,-5.185987,0.259229,2.151121,0.244948
116.342,581.289,94.246,0.00267,2e-05,0.00115,0.00148,0.00345,0.013,0.117,0.00631,0.00789,0.01144,0.01892,0.0068,25.023,0.528485,0.663884,-6.359018,0.116636,2.152083,0.138868
120.078,126.632,105.667,0.0027,2e-05,0.00116,0.00135,0.00349,0.01022,0.09,0.00476,0.00588,0.00903,0.01428,0.00487,26.369,0.491345,0.718839,-5.892061,0.195976,2.108873,0.183572
176.17,185.604,163.564,0.00369,2e-05,0.00205,0.00218,0.00616,0.01851,0.168,0.00938,0.0116,0.01491,0.02814,0.0034,24.951,0.341435,0.783626,-6.006414,0.196371,2.536527,0.173218
117.963,134.209,100.757,0.01813,0.00015,0.01117,0.00718,0.03351,0.04912,0.438,0.0261,0.02161,0.02916,0.0783,0.10748,19.075,0.630547,0.646786,-3.444478,0.303214,2.964568,0.261305
117.226,123.925,106.656,0.00417,4e-05,0.00186,0.0027,0.00558,0.01909,0.171,0.00864,0.01223,0.01949,0.02592,0.00955,23.079,0.603515,0.669565,-5.61907,0.191576,2.027228,0.215724
122.4,148.65,113.819,0.00968,8e-05,0.00465,0.00696,0.01394,0.06134,0.626,0.03134,0.04518,0.04368,0.09403,0.01929,19.085,0.458359,0.819521,-4.075192,0.33559,2.486855,0.368674
128.001,138.052,122.08,0.00436,3e-05,0.00137,0.00166,0.00411,0.02297,0.21,0.01323,0.01072,0.01677,0.03969,0.00481,24.692,0.459766,0.766204,-7.072419,0.220434,1.972297,0.119308
202.632,565.74,177.258,0.01627,8e-05,0.00919,0.00963,0.02756,0.0717,0.833,0.03515,0.04265,0.0646,0.10546,0.07889,14.989,0.427627,0.775708,-4.892495,0.262281,2.910213,0.270173
120.289,128.143,100.209,0.00492,4e-05,0.00269,0.00238,0.00808,0.01412,0.125,0.00703,0.0082,0.01194,0.0211,0.0161,23.949,0.46716,0.724045,-6.135296,0.20363,2.539724,0.169923
192.818,224.429,168.793,0.03107,0.00016,0.018,0.01958,0.05401,0.11908,1.302,0.05647,0.0794,0.13778,0.16942,0.21713,8.441,0.625866,0.76832,-2.434031,0.450493,3.079221,0.527367
150.258,154.609,75.349,0.00248,2e-05,0.00105,0.00136,0.00315,0.01131,0.107,0.00522,0.00659,0.01009,0.01567,0.00495,26.759,0.296888,0.722356,-6.878393,0.089267,2.004055,0.113942
126.512,141.756,99.77,0.01936,0.00015,0.01159,0.0099,0.03476,0.06734,0.659,0.03611,0.03963,0.05783,0.10833,0.16744,12.435,0.638545,0.674953,-3.760348,0.242861,2.634633,0.378483
158.219,442.557,71.948,0.00476,3e-05,0.00214,0.00207,0.00642,0.01458,0.148,0.00606,0.00747,0.01312,0.01818,0.01554,26.356,0.450798,0.653823,-6.051233,0.27328,2.640798,0.170106
176.281,227.381,125.61,0.0052,3e-05,0.00287,0.00312,0.00862,0.06511,0.58,0.03671,0.04159,0.04683,0.11012,0.04824,13.922,0.602874,0.740837,-5.515071,0.299549,3.13655,0.220968
110.793,128.101,107.316,0.00494,4e-05,0.0026,0.00283,0.0078,0.02442,0.216,0.01432,0.01325,0.01831,0.04295,0.00479,25.438,0.437031,0.815908,-5.31336,0.201861,2.225815,0.244512
176.824,215.293,83.961,0.0046,3e-05,0.00209,0.00221,0.00628,0.01169,0.117,0.00534,0.0063,0.01104,0.01603,0.01161,27.166,0.400088,0.656182,-4.711007,0.281618,2.655744,0.234809
214.289,260.277,77.973,0.00567,3e-05,0.00295,0.00317,0.00885,0.01884,0.19,0.01026,0.01161,0.01373,0.03078,0.04398,21.209,0.462803,0.664357,-5.724056,0.190667,2.555477,0.148569
153.848,165.738,65.782,0.0084,5e-05,0.00428,0.0045,0.01285,0.0381,0.328,0.01667,0.02383,0.04055,0.05,0.03871,17.536,0.660125,0.704087,-4.095442,0.262564,2.73971,0.365391
114.563,119.167,86.647,0.00327,3e-05,0.00146,0.00184,0.00439,0.01185,0.106,0.00557,0.00721,0.01095,0.01672,0.00703,24.775,0.555303,0.659132,-6.710219,0.149694,1.91399,0.121777
136.358,176.595,65.75,0.00971,7e-05,0.00534,0.00478,0.01601,0.04978,0.483,0.02749,0.02466,0.03736,0.08247,0.03361,18.57,0.543299,0.733232,-5.207985,0.224852,2.642276,0.242981
155.078,163.736,144.148,0.00168,1e-05,0.00068,0.00092,0.00204,0.01064,0.097,0.00522,0.00632,0.00928,0.01567,0.00233,29.746,0.334171,0.67793,-6.981201,0.18455,2.129924,0.106802
152.845,163.305,75.836,0.00294,2e-05,0.00121,0.00149,0.00364,0.01828,0.158,0.01064,0.00972,0.01246,0.03191,0.00609,24.922,0.474791,0.654027,-6.105098,0.203653,2.125618,0.1701
148.272,164.989,142.299,0.00459,3e-05,0.0025,0.00256,0.0075,0.0419,0.383,0.02383,0.02521,0.03051,0.0715,0.01914,18.78,0.454444,0.734504,-5.952058,0.08784,2.344336,0.186489
148.143,155.982,135.041,0.00392,3e-05,0.00204,0.00231,0.00612,0.0145,0.131,0.00725,0.00876,0.01263,0.02175,0.0054,23.683,0.398499,0.778349,-5.711205,0.240875,2.845109,0.19273
139.224,586.567,66.157,0.03011,0.00022,0.01854,0.01628,0.05563,0.09419,0.93,0.05551,0.05005,0.06023,0.16654,0.2593,10.489,0.596362,0.641418,-3.269487,0.270641,2.690917,0.444774
212.62300538387268,237.85924541439573,106.75769751155364,0.0027759650538571774,1e-05,0.0014871247012777642,0.0015175536141031766,0.004466481332039646,0.018720087365357057,0.16877680705158826,0.009842962664079292,0.012672962664079291,0.013717251792333414,0.02952888799223788,0.00731556003881062,25.69686893637449,0.3677664164769582,0.6806818791777526,-7.102473242296411,0.07173460659086453,2.426729724519937,0.10079162513595057
120.07837655077445,126.61871957213403,111.89225513925925,0.004785083214294368,4e-05,0.0017622764986635116,0.002314854435909134,0.005286829495990535,0.017388461388494085,0.15490436448575484,0.008588264028704213,0.009660446758975864,0.016523804312374823,0.025770540527367724,0.008883180814409844,23.126712062417226,0.5897658782060816,0.7064090593803581,-6.090630731790346,0.23458353809406304,2.0575188363495585,0.16866898441822983
242.14705844859995,250.16632119695467,230.9361564940461,0.002282988663324006,9.207941662868189e-06,0.0012147649977209134,0.001463573748290685,0.0036442949931627397,0.014882445737351068,0.13390178318899118,0.008306489490199928,0.009242006495213919,0.01053794166286819,0.024909468470599782,0.00513471315580302,24.820697543330926,0.41059110048941977,0.6392123941865915,-7.110411907315197,0.09307190930659205,2.348624351889534,0.09221068820313649
196.95335084590945,247.61105190479793,85.01429706046798,0.00520311635404559,3e-05,0.0028116641049023973,0.002919266190135595,0.008439315311428993,0.028363561778125587,0.28294442951870186,0.01592312570555811,0.017389846617046713,0.019661151502309716,0.04776937711667434,0.03691622335657866,20.477548954671427,0.45659344750880637,0.6615652087170615,-6.076177051980782,0.1609615280261507,2.5995711342626886,0.14186014138743847
202.01642751019094,262.40357419610564,78.58058767304958,0.006899292719807774,3e-05,0.004094636233110998,0.003927434175846219,0.012274534965182105,0.025795424527646337,0.25525050633964447,0.01458696993868334,0.01584348496934167,0.017617889083871224,0.04377059668312546,0.04358614727549425,19.36107976236732,0.5060739825729509,0.6837448110278004,-6.911328811194766,0.15893222032366183,2.330999556217258,0.11459332923518124
200.9780793905272,211.2964832154284,195.29730955304538,0.0020020801315567003,1e-05,0.0010626172180324002,0.0011815430450810003,0.0031794288063512503,0.01204882350552945,0.10763086090162001,0.005945166221718701,0.007702514896513251,0.0095605370864757,0.01783392151290205,0.0013247655639351999,31.581066529287412,0.3634449966404363,0.7421007767807162,-7.665745987907899,0.1709712606965742,2.299633542158884,0.0637151563754276
119.45768000978077,126.03254786897071,110.7528104008652,0.004651236922705649,4e-05,0.0017835417973271399,0.002398664730642257,0.005350625391981419,0.017758727765225493,0.15840688426564656,0.008599522127996721,0.010219599023837147,0.01716926867181201,0.02580306392532386,0.009028285205291071,23.11632959306969,0.592757780638062,0.6983915414242017,-5.988015908718953,0.2252248052421924,2.0509273443037865,0.1789084759047511
231.82633135652912,241.5649595088013,108.82905778887593,0.002534108592040708,1e-05,0.0014311270424803267,0.0014513695306802357,0.00429338112744098,0.020227906159092757,0.1788944648681143,0.01126930310448849,0.012651099627764825,0.013869231413327021,0.033817909313465476,0.0049903004720036285,24.36167453931515,0.3704308186720625,0.6606392455052588,-7.11739251478546,0.07186735857535718,2.1646709126680475,0.102652092533067
210.18698426954646,237.60349831336987,108.59314974698052,0.002806798595842883,1e-05,0.0014751338793944344,0.001519266588657938,0.004433934815499179,0.018643003510392796,0.16963329432896898,0.009777869630998358,0.012607869630998357,0.013789196723633395,0.029333608892995078,0.008291955535024627,25.596831222376423,0.34957616838249117,0.6794159909817838,-7.059084795906492,0.06841520449864785,2.4505796405433355,0.10129883690161542
125.77891266826624,136.37754896388088,117.79745535659524,0.004470909522444711,3.2727280041435794e-05,0.001475454720994459,0.0017136364806629727,0.004419091443024813,0.02269636593301084,0.20545456812845098,0.012832728406422547,0.01077181960807998,0.01756454737085618,0.03850545793922621,0.004803636400207179,25.215182033218213,0.5169290847219358,0.7786005526085283,-6.701291136292114,0.25868928396767854,1.9447949168771497,0.11554194122202743
206.1719769583256,220.4740210900638,197.15016666627312,0.002296332015155151,1e-05,0.0012573508998342758,0.0013793886691925252,0.0037753181071908857,0.013870854921462176,0.1221023861393984,0.007141247545189247,0.009174110375720515,0.01032308651432653,0.021420273450943855,0.0019116550990608962,29.168745958244095,0.432939585629875,0.7242359377788262,-7.034751192481639,0.14928664357446605,1.762539763702018,0.0985744374678355
115.02905272708921,121.41569014710608,99.18935166525152,0.0032985221987202698,3e-05,0.001539862156416756,0.00192556659616081,0.004623882029506214,0.01366401183860917,0.12368376320656739,0.007024632134733769,0.008419341225739447,0.011166768710274052,0.02107819196445725,0.005307259197295694,25.476646088518642,0.470128869293581,0.7173874499982026,-6.28612813166805,0.1772144991012141,1.9487112133901334,0.15730995516571233
235.65257362308998,250.45693436129253,227.0554896633125,0.002445834037619626,9.520834260025825e-06,0.001363958731811104,0.0014425005560154943,0.004086667852833055,0.016148127807878245,0.14202085650064558,0.008924377196261202,0.009991875750620917,0.011383960511060685,0.02677271490358309,0.004953128475096839,24.711871969715556,0.37104391759419025,0.6531312760170433,-7.1302649112974334,0.10966805232033908,2.1351504642379706,0.09640291560581155
237.4814569686303,243.9079933752096,229.38129787742466,0.003021457845356857,1e-05,0.001723787523895896,0.001595435916591091,0.0051709742919311815,0.012621128913870372,0.11747546307472474,0.007080366724517018,0.0075829894091433946,0.008963275230150902,0.021250323614038037,0.005385135725423924,24.6194378853519,0.3876959967785395,0.627003423011992,-7.009339731186672,0.17561515503950575,1.8681000340716314,0.09260556763190854
219.54037721133122,263.54660978891775,94.97012424459288,0.0033800188802919993,1.4663984539655458e-05,0.0018758068868551928,0.001881564101659218,0.005617420660565579,0.01966631799015521,0.1768154275004605,0.010521774701331059,0.012998866537830462,0.013785556055278186,0.03156376944247996,0.013771366994498359,25.031391934891083,0.44848302126258544,0.6796865380698752,-7.208415258506409,0.10519615253435208,2.293117156683365,0.10240294271136707
213.0153637947074,249.47190114522743,91.80659066937939,0.004881960330412143,2.4946402202747617e-05,0.0028627565949431643,0.002563721355293707,0.00859321618703224,0.02537485493066087,0.23823737079346335,0.01454666185091192,0.015657825597595945,0.017428055393640483,0.043639985552735766,0.014287060461973079,20.91348511002957,0.43579394560421003,0.6840070932673851,-6.472887794696731,0.11845519964830789,2.6673838756062933,0.15112149654706336
239.52548359227984,246.47492217849404,230.99758651121957,0.0029112677308744026,1e-05,0.0016436492588177472,0.0016655568985344711,0.004925550855129351,0.015215605245775435,0.13650830103078504,0.008633045610406146,0.009040504105252221,0.010811463968515704,0.02589834298857066,0.006096362827992493,23.851112268915152,0.4241759367704262,0.6307884534444643,-6.8968907193573274,0.1665745570103771,2.070597910048508,0.10552535855497631
122.50868109544486,129.20525182377537,115.31497201940793,0.004843281119037294,3.5867511656638486e-05,0.0015040380245487318,0.0018316405595186472,0.004516246561989556,0.01641100920734858,0.14754573717769767,0.008859936625752114,0.007867444696927399,0.014193627884669071,0.026581544900569617,0.0068320518945527075,23.9095671413141,0.5626914034361423,0.7420950617041382,-6.457042898728485,0.265803120411071,2.069382914977925,0.13180282207249092
121.986480782132,128.6258359837982,115.52890981285982,0.0051781544469301655,3.965255307264138e-05,0.00169,0.0020334744692735865,0.00507,0.016168914055864163,0.14341693631283034,0.008556601491619815,0.007845124497202862,0.01429456041340942,0.02567980447485944,0.008242682502799945,23.265573929045605,0.5720099751707335,0.7346868522452049,-6.424718124106249,0.2609323579622576,2.077309094872185,0.13527631422675204
168.2862445193639,392.1196604490779,81.37172601850652,0.006161927810419635,3.3929657523133156e-05,0.003499114111344962,0.0034373555494232907,0.010491271991558018,0.0221482930238563,0.21531045901635515,0.012048597130333582,0.013422908910888777,0.016530781441323448,0.03615186173347761,0.03244812249958268,21.171712803118115,0.5312494005177951,0.6774315006274894,-6.736672723744331,0.1573042853497784,2.255668158185301,0.11589016499821751
255.93327236372926,266.9313100361263,237.81829047283608,0.0036991190838652484,1.2759991820225434e-05,0.0022542393946966824,0.0020007595828314974,0.006769958192269821,0.019932921087910015,0.1925840130876393,0.011578480834337006,0.011999160891595428,0.013360880916134752,0.034730962486651466,0.009483638863011335,21.20581963600003,0.4635713570698126,0.633235744654743,-7.459026390584201,0.16336001526890861,1.9406845453863524,0.08128169112267114
232.95717088896612,251.21752163618027,224.51188999911014,0.002275167864335103,9.296273505704083e-06,0.0012673976074527554,0.0013077641034224493,0.0037992300873012255,0.01546770872228337,0.13640683764260206,0.008392168208518675,0.009809981539620307,0.010856242738404595,0.025180579155441946,0.004111025646390309,25.44618563634765,0.3304316560535947,0.661972008353936,-7.288067570892144,0.08689265149551945,2.0781868113714377,0.08656311247294148
244.7336709775133,268.69014473183614,238.05692716541066,0.004111706676858164,1.8182063670306975e-05,0.0025090462035928956,0.0022047330609369976,0.007527138610778688,0.018180024031278847,0.17191031835153486,0.010332630497076584,0.010841454725889503,0.012183107395280135,0.03100458615244849,0.009506661712575134,22.162625046001928,0.5088442993781513,0.6449119763917864,-7.263740049551953,0.15795258368327256,2.134153893543617,0.09543498203945074
235.77694137921026,244.5509026000724,102.25023885761972,0.0027707818203370595,1e-05,0.0015389054515281162,0.001529843635932588,0.0046168727186517615,0.02438821429242919,0.2162650888831639,0.014031981630675806,0.014233730836674794,0.016172628987888547,0.04210578852796001,0.006239247380920397,24.10107933635,0.4679243508401834,0.6290238589101875,-6.8195951536736725,0.17062386164391408,2.238724479542373,0.1193684181273417
118.5910768296771,126.04740627610221,111.19219174642788,0.003726465421478115,3e-05,0.001447575466945707,0.0018037033484891974,0.004346960415644184,0.015783654635657337,0.1441978251720083,0.008619613747233516,0.008775344060274656,0.012460481953486008,0.025854607226893485,0.004268274903230885,25.567202868949614,0.4621751062852931,0.7582141305655669,-6.184964980833164,0.22631817785026725,2.0085436686079605,0.1606973552724119
126.59680132136768,136.87406843128227,120.26946823916501,0.004340255924091221,3e-05,0.0013857952607270226,0.0016639488151817558,0.004153436966999312,0.022523783884461607,0.2048665402637176,0.012906197155096033,0.010530456871275727,0.016801590521454045,0.038722540280469855,0.004802102369636489,24.866932512551777,0.4966352975890166,0.7700458022903302,-6.905799533168855,0.2338852440351326,1.9201335463305254,0.11308980073328931
115.8527688304943,126.69816976291074,106.37982762759033,0.003988037331674817,3.7065118252819624e-05,0.0018013023650563925,0.00246520946022557,0.005406841976916358,0.01747288015730361,0.1586734966618424,0.008053023650563923,0.010947456676482174,0.01711568066653107,0.024159070951691772,0.008023861491466201,24.064239802528455,0.5476876794051349,0.6951380921040562,-5.825820973050043,0.1995908685633749,2.0760010388273424,0.19948001650570601
229.07081119805278,239.61311685194667,113.0452208414803,0.002385491130858883,1e-05,0.0013625343680887152,0.001401830376952961,0.004087603104266146,0.017548981153687044,0.15488702883105032,0.009485893570306594,0.011637452328422124,0.012394488913907377,0.028467680710919787,0.004228159645430169,24.540396563146626,0.30774511675680866,0.6810566171787484,-7.307223122234658,0.00861119425141316,2.120237721408402,0.09194172749723016
230.52037085311804,236.42647745316725,224.75189199578725,0.0029739189682862163,1e-05,0.0017460231519182239,0.001557953696163552,0.005246081031713784,0.015640653535563005,0.13923357028142463,0.008450153128394823,0.010097796914588718,0.01119943805985625,0.025360459385184466,0.0038718931754416256,25.708487510745883,0.28208108275978555,0.6720443037222309,-7.2003708259983386,0.050031931629306095,2.3698072009065596,0.0931502341601086
113.12893462325871,129.27303512270007,100.21086835501126,0.003469175746769622,3e-05,0.00160226839054973,0.001882680517164919,0.00481680517164919,0.013080621578255165,0.12236086491321896,0.006331135889441055,0.007672372269286623,0.011270103878736892,0.01899629424879568,0.005123603566633618,25.956538983515507,0.45428675197406976,0.7285362116457803,-6.43515160297553,0.19891246105263183,2.1127545911209333,0.14923408803414512
242.26553923057887,251.61543303471834,232.34976146823732,0.0027134807486443547,1e-05,0.0015070526621593617,0.0016775438851328013,0.004511157986478085,0.017281066821607433,0.15127228202690568,0.009850175540531206,0.010252007079724035,0.01229597905134183,0.029544723110782992,0.006332449325657099,23.450714237446032,0.4597555519848211,0.6337185188629486,-6.869614451466763,0.15184033575322764,2.2851140577746425,0.11318929186967758
225.5732003013272,239.20529817397133,104.39215984660844,0.002537549593443063,1e-05,0.001469072795460582,0.0014666555972259114,0.0044011587866339364,0.018425595559397427,0.16066555972259114,0.009850231582094518,0.012424105565702174,0.012982317573267873,0.029554635146535745,0.0034789076300105965,25.51108231987659,0.3918085944050332,0.6845093397676998,-7.301853601955376,0.054810182060009455,2.241584060321453,0.09579317346324011
228.8739348001259,235.91625193640803,223.45137357695606,0.0028929337994471477,9.92630087851335e-06,0.0017050435358931428,0.0015190463689756066,0.005124393616464562,0.016302182642819962,0.14382081405621358,0.008736719992720084,0.01066303503664575,0.011669870431976759,0.026220159978160254,0.0034724134480418082,25.99723830379048,0.2580646181837493,0.682584066486439,-7.2640922426059,0.021500989980323175,2.461728784632782,0.09206348142897686
115.45532888916671,124.643315136197,104.76303569647695,0.0034704676892349418,3e-05,0.001696978459489961,0.0020951077025501944,0.005094424608214864,0.01636722487451992,0.14732369456104277,0.008300357052132449,0.009805249349582256,0.01267147095666856,0.02491107115639735,0.004369821473933775,26.283964881697216,0.3678688638979275,0.7644485756458143,-5.991283542901588,0.13817962104804182,1.9516209485098095,0.1762601477701658
258.8638364645615,264.67842092211333,236.83910503009133,0.0033015580625655318,1e-05,0.0019836685469241493,0.001827684676706637,0.0059593048342833225,0.019941129830794754,0.19223774183045172,0.011621887091522587,0.012084847979125766,0.013484612092685443,0.03485736208105688,0.008730924991860008,21.382256901761433,0.4432416536384143,0.6283637199664202,-7.487161478272922,0.1576270584869208,1.9251677547878536,0.07743654201659832
122.52646292992843,129.57945086463346,116.02443326042365,0.005100535877344513,3.8500385777898e-05,0.001648010801781144,0.001976013888004328,0.004942532791121329,0.016986279720820244,0.15109791679935083,0.009128851089731375,0.008131904327081298,0.014707902783969707,0.027396553269194122,0.007850138880043277,23.457873886020725,0.5756285708840515,0.739998469162514,-6.471050807270173,0.2646083588442319,2.043972648022082,0.12932226913849768
115.12302029570735,128.17185941993188,106.23306691563596,0.003891340582034314,3.550549325861797e-05,0.0017701098651723593,0.0023404394606894373,0.00531482410225846,0.0166135267854985,0.15212307168619546,0.007741098651723594,0.010265900554016051,0.015853944046221934,0.02322329595517078,0.007212856494481341,24.58780591308195,0.5180204927654309,0.7087278844910323,-5.935690471354073,0.20385004846004018,2.1019195108309834,0.19084780408779872
178.01404108138198,233.77342100305256,92.70696002260418,0.004693042925809645,3e-05,0.0026605312372769314,0.0026453378675644385,0.007990639610665892,0.03876811513371624,0.3844868249545616,0.02211012747397561,0.0237043667425232,0.026140973201751554,0.06633038242192683,0.02919900130345332,19.678433917101774,0.44980947091326823,0.658515158532295,-6.460871597815065,0.12850810615463862,2.6477442635280943,0.1345306695978147
119.35375513111364,126.19589097646218,109.6299623826301,0.00421079000774181,3.629181747801734e-05,0.001630092683637075,0.002273559009971994,0.004893986233433207,0.01824453438498795,0.16469608971262947,0.008884740046450856,0.010668855158245298,0.01745420779543152,0.026650511956830585,0.007721866016662546,23.78058813315912,0.579475965164743,0.7009021088567711,-5.939095792921661,0.21879072234708297,2.037310919095523,0.18351769316007616
121.06381110778378,128.02098383131192,112.02010684636214,0.004243572537792997,3.331158747336393e-05,0.0014453184233485636,0.0019308325594368516,0.004342643682572326,0.017565041943926975,0.1596296987047187,0.009081435226757981,0.009414178326286212,0.015818061522876795,0.027237617267747306,0.006252612624368416,24.344447650039545,0.5601560281135763,0.7260874365800961,-6.196297390921263,0.2406629283742348,2.045414462501176,0.15763379952366036
227.28547216398127,247.45388463281745,97.91125188885472,0.0037288028365077847,1.668155286765007e-05,0.002131317428787031,0.0019943679243016794,0.006397293062794917,0.025492255259448985,0.23236757159559515,0.014748110628162055,0.015031719356213584,0.017071920319926857,0.04425099110805235,0.01017552395625179,22.430663140480874,0.45714819383004573,0.6466102793177583,-6.608703628016234,0.15791568589678398,2.4186440451459834,0.1361029853930846
120.61886670586694,127.54610765192213,111.39820825741597,0.00423504275664785,3.408702212292273e-05,0.0014933953716212093,0.0020200075441361137,0.004486099092740704,0.01774184104402638,0.16094793760896864,0.009030256539887099,0.009740636313750469,0.016243775145484578,0.027084856641784224,0.006634901906600905,24.197735414343022,0.5651829383162712,0.7195343934436046,-6.1293753645342495,0.2349719359376578,2.043305978145561,0.16436860454200847
116.49720953630012,589.0792132214937,88.43071933619433,0.004330887094052753,3.450556414019872e-05,0.0021581367077438108,0.002314069938061426,0.006474410123231433,0.015611001545235769,0.14383529365936762,0.007680775811248779,0.009217259118828182,0.013956715378324477,0.023039580215816435,0.01200024474426124,24.250578709534416,0.55600132989575,0.6666182988404274,-6.411311284003623,0.1432348529638824,2.159229166173669,0.12562224410537753
213.89180680747774,249.39430593889253,89.69757065062362,0.004526653268854885,1.8775131483045977e-05,0.002671991961312931,0.002584953606673132,0.008005975883938792,0.021990893915337355,0.2044880916737069,0.012064916492011638,0.014214843802075574,0.01523400247995661,0.036199137041776436,0.02117452216990517,23.167617992988937,0.4745237727362141,0.6851657922948967,-7.136143916479577,0.11862850581852871,2.3192723232223695,0.10482176014861729
152.1528822771123,462.21281140909343,87.47634161169735,0.005220390274832577,3.617073125246211e-05,0.0028348536935604183,0.002741048793678599,0.008508390349428793,0.020777732203563846,0.1957390293481631,0.011202146698069713,0.012343049092063461,0.016395756274044705,0.03360644009420914,0.015551487992733152,22.115738805559516,0.5148246036269268,0.6736238299774115,-6.340827140494305,0.14411707451778577,2.4002604966017644,0.1390965387818605
126.0594802554236,135.44907717254517,112.32633398619394,0.004442094207821399,3.971712095389104e-05,0.0013108486371383268,0.0016965062180605063,0.00393282879046109,0.020197329727374896,0.18361389267406608,0.011295349574052132,0.009598769250429377,0.016161781686550393,0.033886048722156406,0.004814397189126657,25.006492751268347,0.5100785104865422,0.7573616334741067,-6.658131417304543,0.28748346441900774,2.421297067150832,0.10905807932830444
122.30524287236952,128.82826192070536,115.60046715462576,0.005094957271295441,3.848913824266084e-05,0.0016220112209197378,0.0019574786356477206,0.004867544524516552,0.01623273859949906,0.14466194793307308,0.008663314631800437,0.007799282405690819,0.014280141562007808,0.025996922171886632,0.007820405117483137,23.435314891902653,0.5734162156369013,0.7367432731914321,-6.445849077531487,0.2661767021995792,2.076068849260258,0.1331123245522091
116.40154988247072,584.2779032131681,92.01482730069995,0.0033072393965324406,2.556540957670254e-05,0.0015367959655808263,0.0018000110506603958,0.0046103878967424785,0.014001773723806456,0.1272960077168997,0.00683593120499839,0.008399234976268282,0.01240559856155789,0.02050057631978352,0.00879519933324786,24.72664194004059,0.5390423036965258,0.6649330797052084,-6.379081579794491,0.12684129154079943,2.1548247990279625,0.13378594624503407
121.60991853048048,128.6038283514574,112.78340094361337,0.004254041658827615,3.2359849197489556e-05,0.0013863106502443527,0.0018213826577112991,0.004166572101535568,0.01734804561702762,0.15801174363573225,0.009144249952965689,0.009013496512143103,0.015295557209421768,0.02742510970809456,0.005783405654362352,24.524516531834976,0.5539861943925655,0.7341303864018552,-6.278434878648738,0.2476478307547044,2.0480023340471063,0.14936776225003628
230.8206300418871,240.8525819491835,110.36786007696871,0.0024798666458769165,1e-05,0.0014060922980970384,0.001433288881958972,0.004218276894291115,0.019250160309012106,0.1701323043339634,0.010618399750522995,0.012281141738545122,0.013330984409086324,0.03186519925156899,0.004712136645522648,24.42690395662494,0.34755198302591506,0.668091115334771,-7.186676308948124,0.048780317305088736,2.1484538225022933,0.09874305627952977
198.54000362817774,215.0574795112512,193.26472351841528,0.0021070612513477017,9.959566410461569e-06,0.0011219132820923137,0.0013386785949292394,0.0033653355103815566,0.012505060208326247,0.10994872667200078,0.0063308585618892825,0.008161450438910835,0.009416194072270838,0.01898298002156323,0.0011709962129169374,30.852187722428862,0.4620073236094719,0.7388416872121168,-7.093315328812996,0.1753168164272596,1.5135823796841357,0.09469541880593536
123.39250826037535,131.50147229377734,115.49164131397576,0.0042886801133094265,3e-05,0.001289187308753416,0.0015847204532377056,0.003871775184053964,0.01826536566488049,0.16644149574351114,0.0101998384130772,0.008662328384897552,0.014824610764395507,0.030595301981437888,0.004669187308753416,25.01845128609153,0.5428677638955991,0.7603979092314687,-6.530813135949155,0.2619379297921205,1.9924369148913792,0.12154858840083696
237.91496466970392,247.72365448343123,226.0263010364117,0.0028824160776855885,9.88910917918817e-06,0.0016234655075129012,0.0017700991306346758,0.004870396522538703,0.0171507335666966,0.15978614880915043,0.010063901682305474,0.010100277565777093,0.01121910917918817,0.03018170504691643,0.007082852252478162,23.02786464037674,0.31983642762004355,0.6520776050673269,-7.282529996506446,0.0978673286214847,2.4072878607300434,0.09463700689626826
124.4489573763063,131.88630525080265,113.83994263694944,0.0043678673003731535,3.43933650186577e-05,0.001270753555130604,0.0016115071102612078,0.0038178673003731543,0.01835646448656751,0.16761943155783887,0.01023578674897409,0.008709758307929258,0.014940180113992748,0.03070175361194093,0.004672720380223892,24.99692085361008,0.5249877305258178,0.756835547923732,-6.573062819393817,0.27682337417585157,2.220239972581707,0.11882042017381304
229.28622177387118,248.67033860049236,221.65586018338712,0.002233564474125211,9.201719202335396e-06,0.0012630487134245917,0.0012147220649808663,0.003791163332297129,0.01494721490836719,0.13222750723736634,0.007917942698638998,0.009808028658755767,0.010488802299806697,0.023763828095916994,0.003102876793191052,26.324024639746735,0.27275913457663814,0.67558460749456,-7.445704292249847,0.04914740383489296,2.1029217352428695,0.07760590324419815
238.08949437344057,248.86494627347616,225.91714923304562,0.0029143310652743172,1e-05,0.001646220710182878,0.0017845596225289965,0.0049376197665053695,0.017369899577769868,0.16160256270049095,0.01021553503841884,0.010191008889966555,0.011346677824692238,0.030638689843343052,0.007124815892578091,22.930505130473215,0.3219928064455373,0.651824700410972,-7.294448185678071,0.10167023030704198,2.4142616930306664,0.09527216067556822
197.56528146542672,234.78524011746555,96.35405509267083,0.003663028064794882,2.0492595536357766e-05,0.0021118464567314982,0.002076600158963319,0.006336031965730853,0.03050217543239814,0.2909111464362932,0.01707085194730066,0.019266049917351015,0.02077104836429133,0.051212555841901986,0.015931631403024588,22.664426247688763,0.4482203296973362,0.6713828763805606,-6.8975927231004786,0.10503832745918047,2.4977915361095575,0.11665210415133306
199.72854796274078,213.17747210282647,194.2412304105735,0.0020588585800766935,1e-05,0.0010950620457581106,0.0012626551143952768,0.003280818892994096,0.012328660144663705,0.10925310228790554,0.006164168808867247,0.007966129121784649,0.009536203465681417,0.018486873670881976,0.0012598759084837788,31.1929452776186,0.412799257456094,0.7404647463426473,-7.377897909687474,0.17299825130873797,1.9205201913477685,0.07941439739120582
239.16465482124997,251.3105694428682,229.0007259388003,0.0020847758043213063,9e-06,0.0011052241956786937,0.0012969238607422706,0.0033156725870360807,0.01430570388715807,0.1269134517407216,0.00774564128691409,0.009159645509008585,0.010278237734692443,0.02323301353901375,0.004071094773096236,25.686794657511843,0.38913829008915257,0.6469622625694715,-7.191353225291218,0.0810229212285179,2.230941493264459,0.08602308727007699
128.42954788155993,546.1449474406937,85.113348364753,0.0052358762797236336,3.8606685455941244e-05,0.002760143697961284,0.0028153108343598144,0.008279037779339792,0.017873489493269702,0.16807247689499344,0.009083361420933252,0.010569921871875842,0.015282014983263687,0.027251477577343815,0.018211249472114856,23.318468624277028,0.5583504388744516,0.6698982117361154,-6.501252184232469,0.15422680096999067,2.183450169874811,0.11952281259362957
119.96390140444296,127.30365661218805,112.28588980559657,0.0039002406841067046,3e-05,0.0013824097434599859,0.0017240563531177604,0.004153273404172735,0.016105862935114512,0.1472750954477229,0.008833212507547823,0.008538213233146059,0.012943794402671772,0.026493593348850694,0.004378694601359468,25.380032429826738,0.4861953729780285,0.7569140743820267,-6.278245550637307,0.23845149251561282,2.0229456555301017,0.15070618275076086
121.02095756037575,139.39311326503818,109.40908765635301,0.003951076051215305,3e-05,0.0015710556180444145,0.0019046810434361467,0.004707768443220226,0.019414962551159817,0.173071736747687,0.010753427928686023,0.010414860385305364,0.01516121680507714,0.03226568219697109,0.005300776388655143,25.27764926169648,0.4769077564563048,0.7669824490669088,-6.356930110234433,0.24290199550080216,1.8552672839420528,0.13096668412534626
242.19707754952213,249.44934999823545,231.78946836656817,0.0022888469390033354,9.20306122473477e-06,0.0012199591838302525,0.0014146734694416492,0.0036598775514907573,0.013830581632219457,0.1239693877526523,0.0076055204079648366,0.008673377550650499,0.0100233775506505,0.022810622448389207,0.004700418367540467,25.228090816157742,0.4274468448848707,0.6335437499978993,-7.049784726520859,0.10880891022483284,2.233588973352213,0.09149721020411446
230.7184537843563,252.75051881520974,218.96329150230974,0.002038570714111596,8.885707141115963e-06,0.0011274277855227559,0.00113,0.0033822833565682674,0.014395703390201842,0.12751419283450752,0.00760142303436487,0.009440277605166617,0.010070851570070451,0.02281312617450577,0.003075433286863465,26.437287107482387,0.29590930570821383,0.6714397484236844,-7.486163140010405,0.06507474308610456,2.004493805665127,0.07431344578615835
114.42390848230013,129.58367979285018,106.0924675960343,0.0037987034107771077,3.401134533511464e-05,0.0017402269067022928,0.0022209076268091712,0.005226669374771764,0.015790251279648167,0.1458476504074815,0.0074422690670229285,0.009612957911445098,0.014645178376107744,0.022326807201068784,0.006435899574259612,25.089391371002016,0.4895988109645507,0.7217471424224786,-6.04094736538798,0.20793041702433543,2.1267498586829308,0.1825779941607925
229.51243266783297,249.42862805551806,94.76178312197142,0.0036551236941848564,1.610430133920591e-05,0.0019703532444140166,0.0020305527098148845,0.00591105973324205,0.022758587022343933,0.20875919319207203,0.012927974142872466,0.013451180072555217,0.015453066633938466,0.038790870277947795,0.01773102522975996,23.202337972890913,0.4677533426479079,0.6392578942939406,-6.482781990427349,0.17788504158686858,2.3329512816460434,0.12847790409129087
202.69941799034387,261.54873336005784,79.5739321326882,0.006784608190719835,3e-05,0.004023178949602359,0.003835686552575868,0.01206192749202677,0.025951571924942993,0.25595625728787796,0.014719298241477115,0.015909649120738556,0.017724633914791538,0.044166699402821495,0.04126510884449143,19.341583392422372,0.49929833237556687,0.6836992018727709,-6.846121922740289,0.1562338697919597,2.372282987247386,0.11953861434832169
200.06794434837283,209.90755518731513,193.44971140790008,0.002248472240697531,1e-05,0.0012310626739588,0.0012936014310707725,0.003689431562357738,0.010822406253840509,0.09576162713359172,0.00534802968053029,0.006857018682720786,0.008352509606139103,0.016050332582072207,0.0015497932954028138,31.237511593878036,0.3993119104427748,0.7423111905391727,-7.718310178730572,0.17214097429494757,2.2323124303119966,0.06440983993822515
217.40468927289356,250.54727618851174,93.22747049216125,0.004791531321645761,2.408732628324572e-05,0.0027867283760672464,0.0025090691766855772,0.008367228791343361,0.026614229931911725,0.24940085045146515,0.015466470649474835,0.015887086185714883,0.0180272650905387,0.04640236828528289,0.014581959138531206,20.604769704865767,0.4429831710180359,0.6669805996746957,-6.378842862454306,0.14200549257938905,2.6219751086012235,0.15433711040829345
126.51880398853875,134.63409356681146,113.75483507624033,0.004467340688820367,3.8945057401697294e-05,0.0013163296555898161,0.001686835172205092,0.003948988966769449,0.020608504845951916,0.18763735649575677,0.011619889667694486,0.009709208513608205,0.016206461383693072,0.03485966900308346,0.004747384598188119,24.99434294017737,0.5024679150242225,0.7609774029601882,-6.729583573976628,0.28440905053693905,2.3833733744351804,0.10739765606964005
114.96922541935767,139.40211854420357,102.56724823223702,0.0035391306914096584,3e-05,0.001714346542951709,0.002052170320264785,0.005147604974559956,0.015204961634256099,0.13769544687227342,0.007819319982052085,0.009359964585467168,0.01236736846454042,0.023457959946156254,0.005192371415751489,25.897425759348565,0.3992665268678754,0.7565815245363653,-6.154528468452212,0.22454410551756146,2.019249807664376,0.16186618220773585
227.39116687611775,233.90382600855207,219.67170890932385,0.0028944678688349497,1e-05,0.0016997586994401282,0.0015259715519061483,0.005109276098320385,0.016437815595627833,0.145,0.008787233934417474,0.010822085344281555,0.011835872491815535,0.026371701803252427,0.0034859715519061484,25.940408432780583,0.28022644402927144,0.6857213441744185,-7.184609804325775,0.03555107267007904,2.450268241734728,0.09565068783663112
113.22851638088741,123.49492992739317,100.57912056115497,0.003514990596872222,3e-05,0.0016891745026064817,0.0019758537067768524,0.005077523507819445,0.014245178659427782,0.13133396020851854,0.0071301316437888925,0.008554353162034265,0.011446679204170371,0.021396229831887974,0.0046009007224157425,26.50076739578639,0.39401532169753267,0.7625349005212964,-6.101787275489175,0.20328539345631425,1.9945177459305716,0.17163794149615405
211.1324516942326,251.3794220326317,90.55902034416046,0.005289840776756605,2.7665605178377368e-05,0.003103406058286397,0.002755425165075604,0.009317883780037568,0.026523718187864437,0.2515614653740491,0.01535018633021051,0.016148641734697114,0.0181608805955727,0.04605055899063154,0.016338699107085724,19.96298770989819,0.4335771153783279,0.683596493618065,-6.323538834303838,0.12429210479564594,2.730299706375224,0.16068493341235318
